r2_train,r2_test,rmse_train,rmse_test,intercept
0.4885870062591393,0.2717055811919149,368.3179757584771,374.06685542306604,-335.065137670673
