r2_train,r2_test,rmse_train,rmse_test,intercept
0.6098491287175225,0.21850319801530405,321.7016782878076,387.4889662391455,-168623.41866318247
